{"wih@microsoft.com": 1485.0000000000011, "leqia@microsoft.com": 135.0, "jolotito@microsoft.com": 1278.3333333333333, "vstfs:///Classification/TeamProject/2003b897-e349-46b6-a733-61b32410d686\\Android - Approvers": 3013.333333333331, "duha@microsoft.com": 1193.3333333333333, "yanrl@microsoft.com": 255.0, "derekbr@microsoft.com": 640.0, "josuen@microsoft.com": 320.0, "mashukl@microsoft.com": 385.00000000000006, "sobandyo@microsoft.com": 435.8333333333335, "mawyszom@microsoft.com": 491.6666666666667, "mejain@microsoft.com": 145.83333333333334, "gasaluja@microsoft.com": 115.0, "vstfs:///Classification/TeamProject/2003b897-e349-46b6-a733-61b32410d686\\Android - Technical Advisory Team": 156.66666666666669, "arvall@microsoft.com": 883.3333333333333, "jbouck@microsoft.com": 641.6666666666666, "brsin@microsoft.com": 411.66666666666663, "sasek@microsoft.com": 440.0, "kalondhe@microsoft.com": 490.0, "vinve@microsoft.com": 40.0, "myandrii@microsoft.com": 375.0, "aipratap@microsoft.com": 193.33333333333326, "gibudhwa@microsoft.com": 89.99999999999999, "prnirmal@microsoft.com": 520.0, "rejozil@microsoft.com": 45.83333333333333, "prpatwa@microsoft.com": 138.33333333333334, "xiangcli@microsoft.com": 20.0, "brsawler@microsoft.com": 30.0, "joakley@microsoft.com": 20.0, "navshri@microsoft.com": 110.0, "sujanart@microsoft.com": 50.0, "xiuzhang@microsoft.com": 253.33333333333331, "yalu2@microsoft.com": 256.66666666666663, "yangw@microsoft.com": 308.3333333333333, "lizhang2@microsoft.com": 173.33333333333331, "xiaofxu@microsoft.com": 163.33333333333334, "suyin@microsoft.com": 80.0, "wemeng@microsoft.com": 315.0, "rischill@microsoft.com": 40.0, "t-xiliu@microsoft.com": 45.0, "binsxu@microsoft.com": 56.666666666666664, "zhiye@microsoft.com": 71.66666666666666, "alcoope@microsoft.com": 173.33333333333334, "minova@microsoft.com": 196.66666666666666, "laperara@microsoft.com": 225.00000000000003, "vstfs:///Classification/TeamProject/2003b897-e349-46b6-a733-61b32410d686\\iOS - Core Approvers": 2759.9999999999986, "dislaba@microsoft.com": 174.99999999999997, "alhu@microsoft.com": 336.6666666666667, "akthota@microsoft.com": 225.0, "defisenk@microsoft.com": 152.5, "khushch@microsoft.com": 160.0, "jimgils@microsoft.com": 100.0, "vstfs:///Framework/IdentityDomain/b962ed4f-6670-4a37-ad24-8b9381530e67\\SA Outlook Android Engineering": 140.0, "ethanb@microsoft.com": 268.33333333333337, "aacrespo@microsoft.com": 75.0, "henryzh@microsoft.com": 156.66666666666666, "pefong@microsoft.com": 130.0, "nicroma@microsoft.com": 491.6666666666667, "jianha@microsoft.com": 261.66666666666663, "honma@microsoft.com": 108.33333333333333, "maclemes@microsoft.com": 171.66666666666666, "scmathew@microsoft.com": 120.0, "hanzho@microsoft.com": 90.0, "aljiang@microsoft.com": 15.0, "diegoca@microsoft.com": 30.0, "talonir@microsoft.com": 40.0, "dalemy@microsoft.com": 158.33333333333334, "adarshsr@microsoft.com": 66.66666666666667, "jeflani@microsoft.com": 115.0, "sveinar@microsoft.com": 23.333333333333332, "kapgupt@microsoft.com": 40.0, "beil@microsoft.com": 408.33333333333337, "jizhen@microsoft.com": 447.50000000000006, "dachon@microsoft.com": 490.8333333333333, "walei@microsoft.com": 726.6666666666665, "heqia@microsoft.com": 146.66666666666669, "jungua@microsoft.com": 224.99999999999997, "afsiddiq@microsoft.com": 60.0, "andrewh@microsoft.com": 60.0, "sruv@microsoft.com": 21.666666666666664, "akas@microsoft.com": 50.0, "anjosh@microsoft.com": 40.0, "jiyi@microsoft.com": 231.66666666666666, "thmeisel@microsoft.com": 256.66666666666663, "ljansen@microsoft.com": 73.33333333333334, "tedshah@microsoft.com": 20.0, "smartika@microsoft.com": 60.0, "aamittal@microsoft.com": 130.0, "asrathor@microsoft.com": 70.0, "rapadinj@microsoft.com": 70.0, "dipatid@microsoft.com": 60.0, "kaghatak@microsoft.com": 80.0, "susikkan@microsoft.com": 40.0, "sagaikwa@microsoft.com": 40.0, "gmkris@microsoft.com": 40.0, "vstfs:///Classification/TeamProject/2003b897-e349-46b6-a733-61b32410d686\\Rooster Writer - iOS Approvers": 46.666666666666664, "vstfs:///Classification/TeamProject/2003b897-e349-46b6-a733-61b32410d686\\Rooster Writer - Approvers": 60.0, "vstfs:///Classification/TeamProject/2003b897-e349-46b6-a733-61b32410d686\\iOS - Build Team": 110.0, "daleclai@microsoft.com": 135.0, "chcook@microsoft.com": 135.0, "wilpower@microsoft.com": 143.33333333333334, "joeflint@microsoft.com": 239.99999999999997, "titang@microsoft.com": 33.33333333333333, "qasim@microsoft.com": 133.33333333333331, "auport@microsoft.com": 140.0, "yinzhon@microsoft.com": 181.66666666666669, "deperry@microsoft.com": 110.0, "alonb@microsoft.com": 20.0, "pobaxi@microsoft.com": 153.33333333333331, "vstfs:///Classification/TeamProject/2003b897-e349-46b6-a733-61b32410d686\\Telemetry Engineers": 16.666666666666664, "yecheng@microsoft.com": 229.99999999999997, "coreynol@microsoft.com": 263.3333333333333, "camcai@microsoft.com": 30.0, "stdicarl@microsoft.com": 5.0, "emitch@microsoft.com": 23.333333333333332, "yuyue@microsoft.com": 60.0, "chden@microsoft.com": 46.666666666666664, "pshao@microsoft.com": 50.0, "eryang@microsoft.com": 15.0, "vstfs:///Framework/IdentityDomain/b962ed4f-6670-4a37-ad24-8b9381530e67\\Outlook Mobile with Cortana Global dev team": 10.0, "vstfs:///Framework/IdentityDomain/b962ed4f-6670-4a37-ad24-8b9381530e67\\OMC required code reviewers": 10.0, "sadefigu@microsoft.com": 20.0, "frlarsen@microsoft.com": 6.666666666666666, "sakamis@microsoft.com": 6.666666666666666, "sawegger@microsoft.com": 6.666666666666666, "vstfs:///Classification/TeamProject/2003b897-e349-46b6-a733-61b32410d686\\Rooster Writer - Android Approvers": 20.0, "rakogan@microsoft.com": 20.0, "sumedhas@microsoft.com": 20.0, "nacharya@microsoft.com": 40.0, "mlimaye@microsoft.com": 20.0, "nigoles@microsoft.com": 35.0, "vstfs:///Framework/IdentityDomain/b962ed4f-6670-4a37-ad24-8b9381530e67\\People Experiences (Oslo and IDC)": 50.0, "arulpr@microsoft.com": 10.0, "numukher@microsoft.com": 10.0, "annaraya@microsoft.com": 10.0, "papal@microsoft.com": 10.0, "nasabhar@microsoft.com": 10.0, "asdebnat@microsoft.com": 3.333333333333333, "niink@microsoft.com": 20.0, "ankijai@microsoft.com": 10.0, "pabrenn@microsoft.com": 25.0, "elalix@microsoft.com": 3.333333333333333, "alraz@microsoft.com": 10.0, "yizwan@microsoft.com": 10.0, "t-nolav@microsoft.com": 3.333333333333333}